code,name,price
00001,長江和記實業s,57.0
00002,中電控股s,81.5
00003,香港中華煤氣s,13.76
00004,九龍倉集團s,13.98
00005,匯豐控股s,38.8
00006,電能實業s,51.5
00007,香港金融集團,0.77
00008,電訊盈科s,4.7
00009,金奧國際,0.11
00010,恒隆集團s,16.96
00011,恒生銀行s,133.9
00012,恒基地產s,31.3
00014,希慎興業s,25.9
00015,盈信控股,0.42
00016,新鴻基地產s,104.5
00017,新世界發展s,8.8
00018,東方報業集團,0.48
00019,太古股份公司Ａs,49.55
00020,會德豐s,54.55
00021,大中華地產控股,0.0
00022,茂盛控股,0.106
00023,東亞銀行s,16.24
00024,寶威控股,0.0
00025,其士國際集團s,0.0
00026,中華汽車s,99.75
00027,銀河娛樂s,49.6
00028,天安s,3.08
00029,達力集團s,11.2
00030,萬隆控股集團,0.249
00031,航天控股,0.385
00032,港通控股s,11.12
00033,雲銅股份,0.10099999999999999
00034,九龍建業s,8.73
00035,遠東發展s,2.68
00036,遠東控股國際,0.134
00037,遠東酒店實業,0.0
00038,第一拖拉機股份,1.46
00039,中國北大荒,0.061
00040,金山工業,0.0
00041,鷹君s,22.8
00042,東北電氣,0.38
00043,卜蜂國際s,0.63
00045,大酒店s,6.97
00046,科聯系統,2.42
00047,合興集團,0.07
00048,中國汽車內飾,0.062
00050,香港小輪（集團）s,6.24
00051,海港企業s,8.0
00052,大快活集團s,17.48
00053,國浩集團s,103.8
00055,中星集團控股,0.0
00056,聯合地產（香港）s,1.91
00057,震雄集團,1.87
00058,新威國際,0.09699999999999999
00059,天譽置業,1.05
00060,香港食品投資,0.0
00061,綠領控股,0.022000000000000002
00062,載通s,17.06
00063,中國烯谷集團,0.187
00064,結好控股s,0.126
00065,弘海高新資源,0.0
00066,港鐵公司s,41.95
00067,旭光高新材料,0.0
00068,利興發展,0.0
00069,香格里拉（亞洲）s,6.15
00070,金粵控股,0.099
00071,美麗華酒店s,14.28
00072,現代傳播,0.225
00073,亞洲果業,0.0
00075,渝太地產s,2.1
00076,誼礫控股,0.018000000000000002
00077,進智公共交通,0.65
00078,富豪酒店國際s,3.18
00079,世紀建業,0.0
00080,中國新經濟（新）,0.161
00081,中國海外宏洋集團s,4.64
00082,第一視頻,0.135
00083,信和置業s,10.58
00084,寶光實業,0.09
00085,中電華大科技,0.55
00086,新鴻基公司s,3.12
00087,太古股份公司Ｂ,8.26
00088,大昌集團s,5.26
00089,大生地產,0.0
00090,普星潔能,0.63
00091,金禧國際控股,0.21100000000000002
00092,冠軍科技集團,0.086
00093,添利工業國際,0.27
00094,綠心集團,0.185
00095,綠景中國地產s,2.27
00096,友成控股,0.0
00097,恒基發展,0.435
00098,興發鋁業,6.09
00099,王氏國際,2.16
00100,白馬戶外媒體,7.06
00101,恒隆地產s,16.6
00102,凱升控股s,0.52
00103,首長寶佳,0.20800000000000002
00104,ASIA COMM HOLD,0.33
00105,凱聯國際酒店s,0.0
00106,朗詩地產s,0.79
00107,四川成渝高速公路s,1.88
00108,國銳地產,1.69
00109,天成國際,0.083
00110,中國長遠,0.051
00111,信達國際控股,0.0
00112,勒泰集團,4.82
00113,迪生創建,4.13
00114,興利集團,0.0
00115,鈞濠集團,0.0
00116,周生生s,7.49
00117,天利控股集團,0.0
00118,大同機械,0.0
00119,保利置業集團s,2.61
00120,Cosmopolitan Int'ls,1.0
00122,鱷魚恤,0.0
00123,越秀地產s,1.48
00124,粵海置地,0.88
00125,新興光學,0.0
00126,佳寧娜,0.55
00127,華人置業s,3.46
00128,安寧控股,0.55
00129,泛海集團,0.92
00130,慕詩國際,0.33
00131,卓能（集團）,2.42
00132,中國興業控股,0.0
00133,招商局中國基金s,8.82
00135,昆侖能源s,4.4
00136,恒騰網絡s,0.073
00137,金輝集團,0.0
00138,中建富通,0.3
00139,中達集團控股,0.018000000000000002
00141,天禧海嘉控股,0.38
00142,第一太平s,1.55
00143,國安國際,0.069
00144,招商局港口s,9.08
00145,香港建屋貸款,0.055
00146,太平地氈國際,0.0
00147,國際商業結算s,0.158
00148,建滔集團s,18.9
00149,中國農產品交易,0.065
00150,Hypebeast,0.83
00151,中國旺旺s,5.48
00152,深圳國際s,14.34
00153,中國賽特,0.127
00154,北京控股環境集團,0.42
00155,中國源暢,0.0
00156,力寶華潤,0.155
00157,自然美,0.0
00158,萬邦投資s,183.0
00159,布萊克萬礦業,0.0
00160,漢國置業,2.36
00162,世紀金花,0.13
00163,英皇國際s,1.42
00164,中國寶力科技,0.0
00165,中國光大控股s,11.78
00166,新時代能源,0.039
00167,萬威國際,0.021
00168,青島啤酒股份s,43.95
00169,萬達酒店發展,0.265
00171,銀建國際控股s,1.06
00172,金榜集團,0.0
00173,嘉華國際s,3.32
00174,盛洋投資,0.51
00175,吉利汽車s,11.52
00176,先機企業集團,0.0
00177,江蘇寧滬高速公路s,8.7
00178,莎莎國際s,1.27
00179,德昌電機控股s,13.08
00180,開達集團,0.0
00181,閩港控股,0.198
00182,協合新能源s,0.305
00183,宏輝集團,0.048
00184,激成投資,2.91
00185,正商實業,0.32
00186,敏捷控股,0.0
00187,京城機電股份,0.0
00188,新華匯富金融,0.05
00189,東岳集團s,3.38
00190,香港建設（控股）,5.95
00191,麗新國際,8.0
00193,冠中地產,0.455
00194,廖創興企業s,7.68
00195,綠科科技國際,0.11
00196,宏華集團s,0.22
00197,亨泰,0.122
00198,星美控股,0.0
00199,德祥地產,0.87
00200,新濠國際發展s,14.6
00201,華大酒店投資,0.11900000000000001
00202,潤中國際控股,0.192
00204,中國投資開發,0.0
00205,財訊傳媒,0.0
00206,華商國際海洋控股,0.193
00207,大悅城地產s,0.6
00208,保利達資產s,0.84
00209,瀛晟科學,0.025
00210,達芙妮國際,0.132
00211,大凌集團,0.025
00212,南洋集團有限公司,0.0
00213,樂聲電子,0.0
00214,匯漢控股,0.0
00215,和記電訊香港,1.32
00216,建業實業,1.68
00217,中國誠通發展集團,0.193
00218,申萬宏源香港,0.94
00219,順豪物業,1.77
00220,統一企業中國s,7.74
00221,易易壹金融,0.455
00222,閩信集團,2.7
00223,易生活控股,0.0
00224,建生國際,1.13
00225,博富臨置業s,12.5
00226,力寶,2.5
00227,第一上海,0.33
00228,中能控股s,0.161
00229,利民實業,0.0
00230,五礦地產s,1.03
00231,平安證券集團控股,0.035
00232,中國航空工業國際,0.10099999999999999
00234,新世紀集團,0.0
00235,中策集團,0.022000000000000002
00236,香港生力啤,0.0
00237,安全貨倉,10.58
00238,長興國際,0.0
00239,白花油,2.31
00240,利基控股,0.83
00241,阿里健康s,19.28
00242,信德集團s,2.64
00243,QPL INT'L,0.02
00244,先施,0.285
00245,中國民生金融s,0.09699999999999999
00247,尖沙咀置業集團s,0.0
00248,香港通訊國際控股,0.0
00250,中國數碼信息,0.043
00251,爪哇控股s,6.19
00252,華信地產財務,0.0
00253,順豪控股,0.0
00254,國家聯合資源,0.0
00255,龍記集團,2.25
00256,冠城鐘錶珠寶s,1.55
00257,中國光大國際s,4.43
00258,湯臣集團,1.72
00259,億都（國際控股）,1.42
00260,幸福控股,0.027000000000000003
00261,大灣區投資控股s,0.0
00262,迪臣發展國際,0.0
00263,高富集團控股,0.0
00264,中聯發展控股,1.0
00265,東勝旅遊,0.066
00266,天德地產s,0.0
00267,中信股份s,7.55
00268,金蝶國際s,12.0
00269,中國資源交通,0.01
00270,粵海投資s,15.86
00271,亞證地產,1.02
00272,瑞安房地產s,1.3
00273,茂宸集團s,0.02
00274,中富資源,0.0
00275,凱華集團,0.0
00276,蒙古能源,0.42
00277,太興置業,0.0
00278,華廈置業,0.0
00279,民眾金融科技,0.0
00280,景福集團,0.255
00281,川河集團,0.45
00282,壹傳媒,0.147
00285,比亞迪電子s,16.38
00286,愛帝宮s,0.455
00287,永發置業,8.47
00288,萬洲國際s,7.78
00289,永安國際有限公司s,0.0
00290,中國富強金融,0.046
00291,華潤啤酒s,36.55
00292,泛海酒店,0.0
00293,國泰航空s,9.1
00294,長江製衣,0.0
00295,江山控股,0.06
00296,英皇娛樂酒店,1.15
00297,中化化肥s,0.68
00298,莊士中國,0.385
00299,寶新置地,0.68
00301,三和精化,1.01
00302,中手游s,2.68
00303,VTech Holdingss,57.25
00305,五菱汽車,0.21
00306,冠忠巴士集團,2.63
00307,優派能源發展,0.0
00308,香港中旅s,1.09
00309,新華通訊頻媒,0.085
00310,嘉進投資國際,0.0
00311,聯泰控股,0.405
00312,歲寶百貨,1.24
00313,裕田中國,0.0
00315,數碼通電訊s,4.93
00316,東方海外國際s,0.0
00317,中船防務s,5.05
00318,黃河實業,0.0
00320,金寶通,0.345
00321,德永佳集團s,1.3
00322,康師傅控股s,14.0
00323,馬鞍山鋼鐵股份s,2.22
00326,中國星集團,1.75
00327,百富環球s,3.13
00328,愛高集團有限公司,0.21
00329,東建國際,0.0
00330,思捷環球s,0.71
00331,豐盛服務集團,3.3
00332,元亨燃氣,0.39
00333,黛麗斯國際,0.0
00334,華顯光電,0.43
00335,美建集團,0.0
00336,華寶國際s,2.93
00337,綠地香港s,2.87
00338,上海石油化工股份s,2.16
00339,核心經濟投資,0.23600000000000002
00340,潼關黃金,0.4
00341,大家樂集團s,14.72
00342,新海能源,1.14
00343,文化傳信,0.09
00345,維他奶國際集團s,27.55
00346,延長石油國際,0.04
00347,鞍鋼股份s,1.93
00348,中國智能健康,0.027000000000000003
00351,亞洲能源物流,0.26
00352,富陽,0.0
00353,能源國際投資,0.0
00354,中國軟件國際s,4.25
00355,世紀城市國際,0.405
00356,鼎立資本,0.051
00357,美蘭空港,7.92
00358,江西銅業股份s,7.38
00359,海升果汁,0.0
00360,新焦點,0.086
00361,順龍控股,0.039
00362,信陽毛尖,0.39
00363,上海實業控股s,12.7
00364,區塊鏈集團,0.0
00365,芯成科技,1.39
00366,陸氏集團（越南）,1.16
00367,莊士機構國際s,1.17
00369,永泰地產s,0.0
00370,國華,0.14400000000000002
00371,北控水務集團s,2.98
00372,保德國際發展,0.315
00373,聯合集團s,41.0
00374,四洲集團,0.0
00375,YGM 貿易,0.0
00376,雲鋒金融s,2.94
00377,華君國際集團,0.0
00378,五龍動力,0.025
00379,恒嘉融資租賃－新,0.174
00380,冠力國際,0.138
00381,僑雄國際,0.01
00382,中匯集團,4.75
00383,中國醫療網絡s,0.19899999999999998
00384,中國燃氣s,23.8
00385,建聯集團,0.97
00386,中國石油化工股份s,3.83
00387,力豐(集團),0.57
00388,香港交易所s,246.0
00389,通天酒業,0.092
00390,中國中鐵s,4.62
00391,美亞娛樂資訊,0.10099999999999999
00392,北京控股s,26.25
00393,旭日企業,0.86
00395,中國智能集團,0.172
00396,興利（香港）控股,0.094
00397,權威金融集團,0.092
00398,東方表行集團,1.66
00399,領航醫藥生物科技,0.25
00400,科通芯城,0.81
00401,萬嘉集團,0.19
00402,天下圖控股,0.0
00403,星光集團,0.46
00405,越秀房產信託基金s,3.74
00406,有利集團,0.0
00408,葉氏化工集團,2.3
00410,ＳＯＨＯ中國s,3.52
00411,南順（香港）,12.3
00412,中國山東高速金融s,0.37
00413,南華集團控股,0.155
00416,錦州銀行,2.11
00417,謝瑞麟,0.0
00418,方正控股,0.335
00419,華誼騰訊娛樂,0.067
00420,福田實業,1.17
00422,越南製造加工出口,0.0
00423,經濟日報集團,0.0
00425,敏實集團s,17.96
00426,萬華媒體,0.0
00428,中國天弓控股,0.0
00430,東方網庫,0.0
00431,大中華金融,0.19699999999999998
00432,盈大地產,1.32
00433,北方礦業,0.011000000000000001
00434,博雅互動,0.0
00435,陽光房地產基金s,3.83
00436,新宇環保,0.201
00438,彩虹新能源,0.84
00439,光啟科學,0.23800000000000002
00440,大新金融s,23.95
00442,海福德集團,1.0
00444,Sincere Watch HK,0.1
00445,中集天達s,0.15
00449,志高控股,0.0
00450,鴻興印刷集團,1.07
00451,協鑫新能源s,0.10300000000000001
00455,天大藥業,0.146
00456,新城市建設發展,0.09300000000000001
00458,聯亞集團,0.0
00459,美聯工商舖,0.09699999999999999
00460,四環醫藥s,0.76
00462,天然乳品,0.0
00464,中國海外諾信,0.75
00465,富通科技,0.0
00467,聯合能源集團s,1.39
00468,紛美包裝s,2.7
00469,凱普松國際,0.32
00471,中播控股,0.34
00472,新絲路文旅,0.0
00474,昊天發展集團,0.215
00475,中發展控股,0.0
00476,中國動力控股,0.046
00479,華建控股,0.013999999999999999
00480,香港興業國際s,3.2
00482,聖馬丁國際,0.0
00483,包浩斯國際,0.0
00484,雲遊控股,3.7
00485,中國華星,0.018000000000000002
00486,俄鋁s,2.56
00487,實德環球,0.14800000000000002
00488,麗新發展s,8.37
00489,東風集團股份s,4.96
00491,英皇文化產業,0.068
00493,國美零售s,0.96
00494,利豐s,1.11
00495,百利大有限公司,0.0
00496,卡森國際s,1.18
00497,資本策略地產s,0.255
00498,保華集團,0.085
00499,青島控股,0.4
00500,先豐服務集團,0.53
00503,朗生醫藥,0.6
00505,歡悅互娛,0.8
00506,中國食品s,2.63
00508,鼎億集團投資s,0.18600000000000003
00509,世紀陽光,0.161
00510,時富金融服務集團,0.024
00511,電視廣播s,10.92
00512,遠大醫藥s,5.19
00513,恆和集團,0.0
00515,達進東方照明,0.0
00517,中遠海運國際s,2.12
00518,同得仕（集團）,0.55
00519,實力建業,0.18600000000000003
00520,呷哺呷哺餐飲s,6.99
00521,CWT International,0.0
00522,ASM PACIFICs,83.5
00524,長城一帶一路,0.09
00525,廣深鐵路股份s,1.55
00526,中國汽車新零售s,0.35
00527,瑞風新能源,0.305
00528,金達控股,0.0
00529,新龍國際集團,0.0
00530,高銀金融s,1.3
00531,順誠,0.0
00532,WKK INTL (HOLD),0.0
00533,金利來集團,1.81
00535,金地商置s,1.22
00536,貿易通,1.08
00538,味千（中國）s,1.63
00539,冠華國際控股,0.19699999999999998
00540,迅捷環球控股,0.245
00542,富元國際集團,0.255
00543,太平洋網絡,1.29
00544,大同集團,0.018000000000000002
00546,阜豐集團s,2.54
00547,數字王國s,0.046
00548,深圳高速公路股份s,7.96
00550,ＫＫ文化,0.0
00551,裕元集團s,12.42
00552,中國通信服務s,5.73
00553,南京熊貓電子股份,5.63
00554,漢思能源,0.22
00555,御泰中彩控股,0.0
00556,泛亞環保,0.0
00557,天元醫療,0.63
00558,力勁科技,0.0
00559,德泰新能源集團,0.013000000000000001
00560,珠江船務,0.9
00563,上實城市開發s,0.74
00564,鄭州煤礦機械,2.88
00565,錦藝集團控股,0.18
00567,大昌微線集團,0.11699999999999999
00568,山東墨龍,0.71
00570,中國中藥s,3.47
00571,豐德麗控股,0.74
00572,未來世界金融,0.023
00573,稻香控股,0.98
00574,百信國際,0.066
00575,勵晶太平洋,0.07400000000000001
00576,浙江滬杭甬s,5.12
00577,南岸集團,0.08800000000000001
00578,融信資源,0.0
00579,京能清潔能源s,1.21
00580,賽晶電力電子,1.12
00581,中國東方集團s,2.18
00582,藍鼎國際,0.22899999999999998
00583,長城環亞控股,0.57
00585,意馬國際,0.0
00586,海螺創業s,36.1
00587,華瀚健康產業,0.0
00588,北京北辰實業股份s,1.86
00589,建中建設,1.85
00590,六福集團s,15.66
00591,中國高精密,0.0
00592,堡獅龍國際,0.128
00593,夢東方集團,0.0
00595,先思行集團有限公司,0.28
00596,浪潮國際s,2.52
00598,中國外運s,1.81
00599,怡邦行控股,0.0
00600,中國基建投資,0.0
00601,稀鎂科技,0.19699999999999998
00602,佳華百貨控股,0.0
00603,中油燃氣s,0.248
00604,深圳控股s,2.34
00605,中國金融投資管理,0.245
00607,豐盛控股s,0.113
00608,達利國際,0.0
00609,天德化工,0.72
00610,惠記集團,4.0
00611,中國核能科技,0.29
00612,中國鼎益豐,3.45
00613,梧桐國際,0.09699999999999999
00616,高山企業,0.485
00617,百利保控股,2.12
00618,北大資源,0.079
00619,南華金融,0.215
00620,大唐西市,5.32
00621,壇金礦業,0.031
00622,威華達控股s,0.57
00623,中視金橋,0.95
00625,睿富房地產基金,0.0
00626,大眾金融控股,2.25
00627,福晟國際,0.086
00628,國美金融科技,0.56
00629,悅達國際控股,0.34
00630,雋泰控股,0.08800000000000001
00631,三一國際s,4.11
00632,中港石油,0.0
00633,中國全通,0.146
00635,彩星集團,1.0
00636,嘉里物流聯網s,10.32
00637,利記,0.0
00638,建溢集團,0.77
00639,首鋼資源s,1.57
00640,星謙發展,0.68
00641,中國恒天立信國際,0.355
00643,恆富控股,0.0
00645,安域亞洲,0.0
00646,中國環保科技,0.02
00647,Joyce Boutique Group,0.0
00648,中國華仁-新,0.0
00650,ＩＤＧ能源投資,0.71
00651,中海重工,0.081
00653,卓悅控股,0.114
00655,香港華人有限公司,0.73
00656,復星國際s,9.77
00657,環科國際,0.0
00658,中國高速傳動s,4.45
00659,新創建集團s,7.7
00660,瑋俊生物科技,0.0
00661,中國大冶有色金屬,0.044000000000000004
00662,亞洲金融s,3.6
00663,金山能源,0.057999999999999996
00665,海通國際s,1.79
00666,新工投資,0.0
00667,中國東方教育s,13.22
00668,東銀國際控股,0.0
00669,創科實業s,55.7
00670,中國東方航空股份s,3.13
00672,眾安集團,0.23
00673,中國衛生集團,0.079
00674,中國唐商,0.145
00675,堅寶國際,0.0
00676,創信國際,0.0
00677,金源米業,0.6
00678,雲頂香港s,0.51
00679,亞洲聯網科技,1.19
00680,南海控股s,0.063
00681,中民控股,0.0
00682,超大現代,0.04
00683,嘉里建設s,21.25
00684,亞倫國際,1.24
00685,世界華文媒體,0.33
00686,熊貓綠能s,0.161
00687,泰昇集團s,0.56
00688,中國海外發展五百s,26.8
00689,長盈集團（控股）,0.055999999999999994
00690,聯康生物科技集團,0.14300000000000002
00691,山水水泥s,2.28
00693,陳唱國際,0.0
00694,北京首都機場股份s,5.43
00695,東吳水泥國際,0.0
00696,中國民航信息網絡s,13.9
00697,首長國際-新s,1.42
00698,通達集團s,0.51
00699,神州租車s,2.3
00700,騰訊控股s,410.0
00701,北海集團,0.35
00702,中國油氣控股,0.08900000000000001
00703,Future Bright,0.19
00704,和嘉控股,0.086
00706,美麗中國控股,0.012
00707,亞洲電視控股,0.05
00708,恒大健康s,6.03
00709,佐丹奴國際s,1.49
00710,京東方精電s,2.1
00711,亞洲聯合基建控股,0.63
00712,卡姆丹克太陽能,0.109
00713,世界（集團）,0.305
00715,中泛控股,0.255
00716,勝獅貨櫃s,0.415
00717,英皇證券,0.149
00718,太和控股,0.0
00719,山東新華製藥股份,4.24
00720,意達利控股,0.16699999999999998
00721,中國金融國際,0.094
00722,聯合醫務,1.19
00723,信保環球控股,0.0
00724,瑞鑫國際集團,0.039
00725,恆都集團,0.0
00726,築友智造科技,0.0
00727,皇冠環球集團,0.198
00728,中國電信s,2.56
00729,五龍電動車,0.125
00730,首長四方(集團),0.105
00731,森信紙業集團,0.37
00732,信利國際s,0.84
00733,合富輝煌,0.0
00736,中國置業投資,0.0
00737,灣區發展s,2.87
00738,萊爾斯丹,0.39
00743,亞洲水泥（中國）s,9.16
00745,中國國家文化產業,0.0
00746,理文化工,3.32
00747,瀋陽公用發展股份,0.17
00750,水發興業能源,0.56
00751,創維集團s,1.74
00752,筆克遠東集團s,1.25
00753,中國國航s,5.41
00754,合生創展集團s,7.62
00755,上海証大,0.035
00756,森美（集團）控股,0.0
00757,陽光能源,0.046
00758,新華聯資本,0.34
00759,CEC 國際控股,0.6
00760,新天地產集團,0.0
00762,中國聯通s,4.93
00763,中興通訊s,23.25
00764,永恒策略,0.125
00765,威發國際集團,0.75
00766,中盈集團控股,0.032
00767,亞太絲路投資,0.06
00768,開明投資,0.0
00769,中國稀土,0.285
00770,滬光國際上海發展投資,0.0
00771,自動系統,0.98
00772,閱文集團s,30.5
00775,長江生命科技,1.02
00776,帝國集團環球控股,0.0
00777,網龍s,20.55
00778,置富產業信託s,7.0
00780,同程藝龍s,12.2
00784,凌銳控股,1.58
00787,利標品牌,0.19399999999999998
00788,中國鐵塔s,1.73
00789,雅天妮集團,0.032
00794,錦勝集團（控股）,0.0
00797,第七大道,0.0
00798,中電光谷s,0.345
00799,IGG Incs,4.75
00800,Ａ８新媒體,0.139
00801,金衛醫療,0.53
00802,中國錢包,0.085
00803,昌興國際,0.062
00804,鼎石資本,0.16
00806,惠理集團s,3.41
00807,上海實業環境s,1.25
00808,泓富產業信託s,2.38
00809,大成生化科技,0.14
00810,中國互聯網投資,0.0
00811,新華文軒s,5.28
00812,西證國際證券,0.235
00813,世茂房地產s,30.55
00814,北京京客隆,1.09
00815,中國白銀集團,0.61
00816,華電福新能源s,1.3
00817,中國金茂控股s,5.22
00818,高陽科技s,0.9
00819,天能動力s,7.87
00820,匯豐中國翔龍基金,9.6
00821,匯盈控股,0.255
00822,嘉瑞國際,0.29
00823,領展房產基金s,67.85
00825,新世界百貨中國,1.42
00826,天工國際,2.49
00827,玖源集團,0.08
00828,王朝酒業,0.231
00829,神冠控股,0.3
00830,中國建築興業,0.56
00831,利亞零售s,4.12
00832,建業地產s,3.93
00833,華訊,0.255
00834,康大食品,0.365
00836,華潤電力s,8.94
00837,譚木匠,4.41
00838,億和控股,0.485
00839,中教控股s,11.0
00840,天業節水,0.385
00841,木薯資源,0.222
00842,理士國際,0.48
00844,廣泰國際控股,0.415
00845,恒盛地產,0.127
00846,明發集團,0.0
00848,茂業國際,0.335
00850,久康國際,0.0
00851,盛源控股,0.10300000000000001
00852,海峽石油化工,0.465
00853,微創醫療科學s,19.0
00854,威雅利,2.0
00855,中國水務s,6.0
00856,偉仕佳杰s,3.6
00857,中國石油股份s,2.7
00858,精優藥業,0.092
00859,中昌國際控股,0.53
00860,力世紀s,0.4
00861,神州控股s,4.04
00862,遠見控股,0.285
00863,ＢＣ科技集團,6.29
00864,永利地產發展,0.0
00865,建德國際控股,0.10400000000000001
00866,中國秦發,0.0
00867,康哲藥業s,9.62
00868,信義玻璃s,8.99
00869,彩星玩具,0.3
00871,中國疏浚環保,0.04
00872,啟迪國際,0.0
00874,白雲山s,19.88
00875,中國金控,1.47
00876,佳兆業健康,0.139
00877,昂納科技集團s,4.9
00878,金朝陽集團,7.05
00880,澳博控股s,7.95
00881,中升控股s,30.25
00882,天津發展s,1.47
00883,中國海洋石油s,8.31
00884,旭輝控股集團s,5.58
00885,仁天科技控股,0.0
00886,銀基集團,0.161
00887,英皇鐘錶珠寶,0.127
00888,貝森金融,0.305
00889,連達科技控股,0.0
00891,利邦,0.0
00893,中國鐵鈦,0.138
00894,萬裕科技,0.295
00895,東江環保s,5.7
00896,興勝創建,1.06
00897,位元堂,0.27
00898,萬事昌國際,0.315
00899,亞洲資源,0.0
00900,Aeon信貸財務,5.4
00901,鷹力投資,0.061
00902,華能國際電力股份s,2.64
00904,中綠,0.14400000000000002
00905,環球大通投資,0.0
00906,中糧包裝s,2.65
00907,高雅光學,0.0
00908,珠海控股投資,1.2
00910,中國三迪,0.53
00911,前海健康,0.147
00912,信佳國際,1.39
00913,合一投資,0.0
00914,海螺水泥s,59.6
00915,道和環球,0.0
00916,龍源電力s,3.76
00918,國能國際資產,0.0
00919,現代美容,0.0
00921,海信家電集團s,7.64
00922,安賢園中國,0.114
00923,綜合環保集團,0.040999999999999995
00924,坤集團,0.405
00925,北京建設,0.109
00926,碧生源控股,0.275
00927,富士高實業,0.0
00928,蓮和醫療,0.033
00929,國際精密,0.68
00931,中國天然氣,0.23600000000000002
00932,順騰國際控股,0.325
00933,光匯石油,0.0
00934,中石化冠德s,3.06
00935,龍翔集團,0.0
00936,鵬程亞洲,0.0
00938,民生國際,0.4
00939,建設銀行s,5.97
00941,中國移動s,61.6
00943,意科控股,0.14300000000000002
00945,宏利金融,99.5
00947,摩比發展,0.82
00948,阿爾法企業,1.28
00950,李氏大藥廠s,3.51
00951,超威動力s,2.35
00952,中國通海金融,0.255
00953,邵氏兄弟控股,0.0
00954,常茂生物化學工程,0.0
00956,新天綠色能源s,1.77
00959,世紀娛樂國際,0.0
00960,龍湖集團s,37.8
00966,中國太平s,12.38
00967,桑德國際,0.0
00968,信義光能s,4.82
00969,華聯國際,0.054000000000000006
00970,耀萊集團,0.192
00973,L'Occitanes,11.08
00974,中國順客隆,0.0
00975,Mongol Mining,0.41
00976,齊合環保,0.221
00978,招商局置地s,1.26
00979,綠色能源科技集團,0.25
00980,聯華超市,1.5
00981,中芯國際s,15.16
00982,華金國際資本,0.171
00983,瑞安建業,0.0
00984,永旺,2.18
00985,中譽集團,0.025
00986,中國環保能源,0.0
00987,中國再生能源投資,0.14400000000000002
00988,絲路物流控股,0.017
00989,廣澤國際發展,0.06
00990,榮暉國際,0.08900000000000001
00991,大唐發電s,1.03
00992,聯想集團s,4.37
00993,華融金控,0.0
00994,中天宏信,0.7
00995,安徽皖通高速公路s,3.71
00996,嘉年華國際,0.01
00997,普匯中金國際,0.67
00998,中信銀行s,3.62
00999,I.Ts,1.32
01000,北青傳媒,0.85
01001,滬港聯合,0.325
01002,威鋮國際,0.11699999999999999
01003,歡喜傳媒s,1.38
01004,中國智慧能源,0.0
01005,美力時集團,0.0
01006,長壽花食品,2.53
01007,龍輝國際控股,0.01
01008,貴聯控股,0.66
01009,國際娛樂,0.0
01010,太睿國際控股,0.45
01011,泰凌醫藥,0.0
01013,偉俊集團控股,0.0
01019,康宏環球,0.0
01020,賽伯樂國際控股,0.134
01022,飛魚科技國際,0.0
01023,時代集團控股,0.5
01025,嘉藝控股,0.27
01026,環球實業科技,0.0
01027,中國集成控股,0.024
01028,千百度,0.14
01029,鐵江現貨,0.073
01030,新城發展控股s,6.8
01031,金利豐金融s,0.67
01033,中石化油服s,0.58
01034,富匯建築控股,0.0
01035,ＢＢＩ生命科學,3.37
01036,萬科海外,0.0
01037,雲智匯科技,0.0
01038,長江基建集團s,46.2
01039,鑫網易商集團,0.44
01041,林達控股,0.10300000000000001
01043,光宇國際集團科技,0.65
01044,恒安國際s,66.95
01045,亞太衛星s,2.54
01046,寰宇娛樂文化,0.20800000000000002
01047,毅興行,0.0
01049,時富投資,0.0
01050,嘉利國際,1.02
01051,國際資源,0.044000000000000004
01052,越秀交通基建s,4.67
01053,重慶鋼鐵股份,0.74
01055,中國南方航空股份s,3.73
01057,浙江世寶,0.76
01058,粵海制革,0.32
01059,看通集團,0.0
01060,阿里巴巴影業s,0.95
01061,億勝生物科技s,4.85
01062,國開國際投資,0.121
01063,新確科技（新）,0.055
01064,中華國際,0.0
01065,天津創業環保股份,2.35
01066,威高股份s,12.6
01068,雨潤食品s,0.62
01069,寶沙發展,0.01
01070,ＴＣＬ電子s,3.17
01071,華電國際電力股份s,2.36
01072,東方電氣s,4.09
01073,大禹金融,0.3
01075,首都信息,0.38
01076,博華太平洋s,0.057999999999999996
01079,松景科技,0.106
01080,勝利管道,0.057999999999999996
01082,香港教育國際,0.0
01083,港華燃氣s,3.6
01084,綠新親水膠體,1.15
01085,亨鑫科技,2.07
01086,好孩子國際s,0.76
01087,威訊控股,0.15
01088,中國神華s,13.68
01089,樂遊科技控股s,2.19
01090,大明國際,0.0
01091,中信大錳,0.20199999999999999
01093,石藥集團s,16.2
01094,中國公共採購,0.0
01096,中能國際控股,0.0
01097,有線寬頻,0.055999999999999994
01098,路勁基建s,11.42
01099,國藥控股s,19.8
01100,飛達控股,0.71
01101,華榮能源,0.065
01102,環能國際,0.0
01103,大生農業金融,0.011000000000000001
01104,亞太資源,0.83
01105,星島,1.16
01106,銘霖控股,0.0
01107,當代置業,1.07
01108,洛陽玻璃股份,2.28
01109,華潤置地s,31.5
01110,金活醫藥集團,0.76
01111,創興銀行s,10.2
01112,H&H國際控股s,29.8
01113,長實集團s,47.9
01114,華晨中國汽車s,6.89
01115,西藏水資源,0.34
01116,美亞控股,0.0
01117,現代牧業s,0.84
01118,高力集團,0.0
01119,創夢天地s,4.45
01120,雅視光學,0.0
01121,寶峰時尚,0.455
01122,慶鈴汽車股份s,1.59
01123,中港照相,0.0
01124,沿海家園,0.0
01125,麗豐控股,0.0
01126,德林國際,0.0
01127,獅子山集團,0.94
01128,永利澳門s,13.6
01129,中國水業集團,0.275
01130,中國環境資源,0.057999999999999996
01131,鴻寶資源s,0.18
01132,橙天嘉禾,0.201
01133,哈爾濱電氣s,2.3
01134,恒發光學控股,0.81
01137,香港電視s,4.79
01138,中遠海能s,4.93
01139,華多利集團,0.0
01140,東英金融s,1.08
01141,民銀資本s,0.133
01142,西伯利亞礦業,0.65
01143,環亞國際實業,0.037000000000000005
01145,勇利投資,0.13699999999999998
01146,中國服飾控股,0.0
01148,新晨動力,0.325
01150,米蘭站（新）,0.0
01151,依利安達,0.0
01152,正乾金融控股,0.085
01155,星辰通信,0.0
01157,中聯重科s,6.23
01158,開元酒店,13.0
01159,星光文化,0.0
01160,優創金融,1.87
01161,奧思集團,0.83
01162,瑩嵐集團,0.305
01164,中廣核礦業,0.244
01165,順風清潔能源,0.077
01166,星凱控股,0.051
01168,百仕達控股,0.305
01169,海爾電器s,20.8
01170,信星集團,0.54
01171,兗州煤業股份s,6.06
01172,融太集團,0.08800000000000001
01173,威高國際,0.05
01175,鮮馳達控股,0.0
01176,珠光控股s,1.06
01177,中國生物製藥s,11.26
01178,匯銀控股集團,0.0
01180,匯彩控股,0.73
01181,唐宮中國,0.83
01182,勝龍國際,0.0
01183,澳能建設,1.29
01184,S.A.S. Dragon,2.42
01185,中國航天萬源,0.16699999999999998
01186,中國鐵建s,8.9
01188,正道集團,0.011000000000000001
01189,大灣區聚變力量,0.25
01190,航標控股,0.0
01191,中國中石控股,0.052000000000000005
01192,泰山石化,0.054000000000000006
01193,華潤燃氣s,41.1
01194,灣區黃金,0.04
01195,京維集團,0.047
01196,偉祿集團s,4.56
01198,皇朝傢俬,1.45
01199,中遠海運港口s,3.94
01200,美聯集團,0.96
01201,天臣控股,0.47
01202,成都普天電纜股份,0.6
01203,廣南（集團）,0.69
01205,中信資源s,0.26
01206,同方泰德,0.435
01207,上置集團,0.027000000000000003
01208,五礦資源s,1.35
01210,克莉絲汀國際,0.0
01211,比亞迪股份s,43.05
01212,利福國際s,6.28
01213,萬保剛集團,0.0
01215,開源控股,0.0
01216,中原銀行s,1.15
01217,中國創新投資,0.0
01218,永義國際,0.0
01219,天喔國際,0.0
01220,志道國際,0.0
01221,信和酒店（集團）s,0.0
01222,Wang On Group,0.073
01223,新灃集團s,0.94
01224,中渝置地s,1.79
01225,隆成金融,0.0
01226,中國投融資,0.043
01227,國盛投資,0.023
01228,奇峰國際,0.0
01229,南南資源實業,0.146
01230,雅士利國際,0.46
01231,新礦資源,0.0
01232,金輪天地控股,0.56
01233,時代中國控股s,12.24
01234,中國利郎s,4.56
01235,專業旅運(亞洲),0.184
01237,中科生物,0.083
01238,寶龍地產s,4.67
01239,Teamway Int GP,0.0
01240,青建國際,0.82
01241,雙樺控股,0.043
01243,宏安地產s,0.99
01245,Niraku GC,0.26
01246,保集健康,0.035
01247,米格國際控股,0.03
01249,通力電子,5.62
01250,北控清潔能源集團s,0.028999999999999998
01251,華油能源集團,0.32
01252,中國天瑞水泥s,8.55
01253,中國綠地博大綠澤,0.62
01255,港大零售,3.04
01257,中國光大綠色環保s,3.2
01258,中國有色礦業s,1.32
01259,未來發展控股,0.0
01260,皓天財經集團,0.0
01262,蠟筆小新食品,0.345
01263,柏能集團,1.33
01265,天津津燃公用,0.56
01266,西王特鋼,0.45
01268,美東汽車s,12.74
01269,首控集團,0.182
01270,朗廷－ＳＳs,1.32
01271,佳明集團控股,4.49
01272,大唐環境,1.0
01273,香港信貸集團,0.0
01275,開元產業信託,0.0
01277,力量礦業能源,0.345
01278,中國新城鎮,0.11599999999999999
01280,奇點國際,1.6
01281,隆基泰和智慧能源,0.28
01282,寶新金融s,0.27
01283,高陞集團控股,0.63
01285,嘉士利集團,0.0
01286,鷹普精密,2.46
01288,農業銀行s,3.12
01289,無錫盛力達科技,0.78
01290,中國匯融金融,1.07
01292,長安民生物流,1.76
01293,廣匯寶信s,0.96
01296,國電科技環保,0.187
01297,中國擎天軟件,0.99
01298,雲能國際,2.4
01299,友邦保險s,69.45
01300,俊知集團s,1.37
01301,德基科技控股,1.24
01302,先健科技s,1.84
01303,匯力資源(集團),0.285
01305,偉志控股,0.45
01308,海豐國際s,7.1
01310,香港寬頻s,13.52
01312,同方康泰,0.107
01313,華潤水泥控股s,10.1
01314,翠華控股,0.355
01315,允升國際,0.0
01316,耐世特s,4.27
01317,楓葉教育s,2.3
01318,格菱控股,0.0
01319,靄華押業信貸,0.28
01321,中國新城市商業,1.18
01322,創達科技控股,0.0
01323,華盛國際控股,0.57
01326,傳遞娛樂,0.152
01327,勵時集團（新）,0.0
01328,金涌投資,0.0
01329,首創鉅大,0.0
01330,綠色動力環保s,3.15
01332,中國透雲科技,0.0
01333,中國忠旺s,1.74
01335,順泰控股,0.0
01336,新華人壽保險s,24.75
01337,雷蛇s,1.03
01338,霸王集團,0.071
01339,中國人民保險集團s,2.53
01340,惠生國際,0.057
01341,昊天國際建投,0.24
01343,偉源控股,1.63
01345,中國先鋒醫藥,0.96
01346,利華控股集團,0.37
01347,華虹半導體s,14.94
01348,滉達富控股,0.33
01349,復旦張江s,4.93
01353,福建諾奇,0.0
01355,朸濬國際,0.26
01357,美圖公司,1.44
01358,普華和順,1.05
01359,中國信達資產管理s,1.44
01360,諾發集團s,1.48
01361,３６１度,1.16
01362,新龍移動,0.0
01363,中滔環保,0.0
01365,潤東汽車,0.218
01366,江南集團s,0.3
01367,廣州基金國際控股,0.83
01368,特步國際s,2.81
01369,五洲國際,0.0
01370,奧威控股,1.26
01371,華彩控股,0.125
01372,比速科技,0.0
01373,國際家居零售,1.92
01375,中州證券s,1.25
01378,中國宏橋集團s,3.52
01380,中國金石,0.081
01381,粵豐環保電力s,3.43
01382,互太紡織s,3.92
01383,太陽城集團s,1.19
01385,上海復旦s,5.59
01386,國投集團控股,0.78
01387,中國地利s,1.8
01388,安莉芳控股,0.0
01389,美捷匯控股,0.0
01393,恒鼎實業,0.225
01395,強泰環保,0.0
01396,毅德國際控股,0.35
01397,碧瑤綠色集團,0.32
01398,工商銀行s,5.05
01399,飛毛腿,0.255
01400,滿地科技股份,0.16399999999999998
01401,Sprocomm Intel,0.495
01402,超智能控股,0.285
01410,安領國際控股,0.355
01412,雋思集團,0.95
01415,高偉電子,2.1
01416,CTR Holdings,0.42
01417,浦江中國,1.33
01418,盛諾集團,0.129
01419,盈健醫療,0.77
01420,川控股,0.1
01421,工蓋有限公司,0.149
01425,捷隆控股,0.31
01426,春泉產業信託s,2.5
01427,中國天保集團,2.53
01428,耀才證券金融,1.0
01430,蘇創燃氣股份,1.92
01431,原生態牧業,0.32
01432,中國聖牧奶業,0.20600000000000002
01433,常達控股,0.12300000000000001
01439,移動互聯（中國）,0.057999999999999996
01442,Infinity L&T,0.295
01443,富臨集團控股,0.225
01446,鴻福堂集團,0.375
01447,新福港,0.0
01448,福壽園國際s,6.96
01450,世紀睿科,0.07200000000000001
01451,萬成集團股份,0.0
01452,迪諾斯環保,0.0
01456,國聯證券,2.53
01458,周黑鴨國際s,4.83
01459,巨匠建設,0.98
01460,揚科集團,0.05
01461,魯証期貨,0.51
01462,金誠控股,0.0
01463,C-Link Squared,1.15
01466,錢唐控股,0.032
01468,京基金融國際,0.285
01469,結好金融,0.62
01470,富一國際控股,0.0
01472,生興控股,2.23
01475,日清食品s,6.3
01476,恒投證券s,0.0
01478,丘鈦科技s,8.83
01480,恩達集團控股,1.58
01483,譽宴集團控股,0.0
01486,思城控股,0.0
01488,百福控股,0.0
01492,中地乳業,0.0
01495,集一家居,0.71
01496,亞積邦租賃,0.131
01498,培力控股,0.75
01499,歐科雲鏈,0.209
01500,現恆建築,0.0
01501,康德萊醫械,41.3
01503,招商局商業房託,2.84
01508,中國再保險s,0.9
01509,和美醫療,0.0
01513,麗珠醫藥集團s,34.2
01515,華潤醫療s,4.16
01518,新世紀醫療,1.46
01520,華信金融投資,0.0
01521,方達控股s,3.75
01522,京投交通科技,0.445
01523,珩灣科技,0.99
01525,建橋教育,5.98
01526,瑞慈醫療,0.92
01527,天潔環境,0.0
01528,紅星美凱龍s,4.79
01529,健升物流中國,0.24
01530,三生製藥s,8.34
01532,中國派對文化,0.0
01533,莊園牧場,5.33
01536,煜榮集團,0.275
01538,中奧到家,0.56
01539,匯能集團,0.0
01540,澳獅環球,0.0
01542,台州水務,3.84
01543,中盈盛達融資擔保,0.0
01545,設計都會,0.09
01546,德萊建業,0.245
01547,IBI Group Hldgs,0.0
01548,金斯瑞生物科技s,12.94
01549,永豐集團控股,0.0
01551,廣州農商銀行s,0.0
01552,BHCC Holding,0.163
01553,邁科管業,1.44
01555,ＭＩ能源,0.0
01556,建業建榮,0.0
01557,劍虹集團控股,1.26
01558,東陽光藥s,34.0
01559,均安控股,0.0
01560,星星地產,0.445
01561,聯洋智能控股,3.5
01563,友聯租賃,1.23
01565,成實外教育s,1.57
01566,華夏文化科技,2.85
01568,承達集團s,0.0
01569,民生教育s,1.04
01570,偉業控股,0.0
01571,信邦控股,1.42
01572,中國藝術金融,0.141
01573,南方能源控股s,0.0
01575,慕容控股,0.07200000000000001
01576,齊魯高速,1.65
01577,匯鑫小貸,0.0
01578,天津銀行s,0.0
01579,頤海國際s,61.6
01580,大森控股,0.445
01581,進昇集團控股,0.0
01582,華營建築,0.55
01583,親親食品,0.0
01585,雅迪集團控股s,2.83
01586,中國力鴻,0.0
01587,欣融國際,0.0
01588,暢捷通信息技術,9.64
01589,中國物流資產s,2.89
01591,汛和集團,0.022000000000000002
01592,基石控股,0.39
01593,辰林教育,2.44
01596,河北翼辰實業,3.95
01598,21世紀教育,0.61
01599,城建設計,2.04
01600,天倫燃氣s,5.57
01601,中關村科技租賃,0.77
01606,國銀租賃s,1.12
01608,偉能集團國際s,2.99
01609,創建集團控股,0.0
01610,中糧肉食s,2.75
01611,火幣科技,3.1
01612,永勝醫療,0.82
01613,協同通信（新）,0.61
01615,奧邦建築,0.2
01616,星宏傳媒,0.88
01617,南方通信s,2.88
01618,中國中冶s,1.34
01619,天合化工集團,0.0
01620,加達控股,0.0
01621,域高國際控股,0.095
01622,力高集團s,3.57
01623,海隆控股,0.355
01626,嘉耀控股,0.0
01627,安保工程控股,0.0
01628,禹洲地產s,3.19
01629,冠均國際控股,0.0
01630,建成控股,0.069
01631,REF Holdings,0.0
01632,民商創科,0.58
01633,上諭集團,0.21100000000000002
01635,大眾公用,2.38
01636,中國金屬利用s,2.94
01637,順興集團控股,0.27
01638,佳兆業集團s,3.0
01639,安捷利實業,0.95
01640,瑞誠中國傳媒,0.36
01647,雄岸科技集團,0.222
01649,內蒙古能建,0.0
01651,津上機床中國,6.3
01652,福森藥業s,3.32
01653,MOS House,0.042
01655,Okura Holdings,0.85
01656,億仕登控股,0.0
01657,樺欣控股,6.4
01658,郵儲銀行s,4.56
01659,海天能源國際,0.0
01660,兆邦基地產s,1.39
01661,智美體育,0.16899999999999998
01662,義合控股,1.68
01663,漢港控股,0.13
01665,檳傑科達,1.43
01666,同仁堂科技s,5.8
01667,進階發展,0.145
01668,華南城s,0.73
01669,環球信貸集團,0.62
01671,天保能源,0.68
01672,歌禮製藥－Ｂs,2.84
01673,華章科技,2.9
01675,亞信科技s,10.08
01676,中國升海食品,0.075
01678,中創環球,0.059000000000000004
01679,瑞斯康集團,0.0
01680,澳門勵駿s,0.92
01681,康臣葯業集團s,3.93
01682,杭品生活科技,0.23
01683,曠逸國際,1.12
01685,博耳電力,0.28
01686,新意網集團s,5.3
01689,華禧控股,1.82
01690,立基工程控股,0.0
01691,ＪＳ環球生活,6.86
01692,登輝控股,0.75
01693,璋利國際,0.105
01695,椰豐集團,0.073
01696,復銳醫療科技,2.61
01697,山東國信,0.73
01698,博士蛙國際,0.0
01699,普甜食品,0.255
01701,途屹控股,2.5
01702,東光化工,0.0
01703,首灃控股,0.33
01705,賓仕國際控股,0.39
01706,雙運控股,0.084
01707,致浩達控股,0.41
01708,南京三寶科技s,2.06
01709,德林控股,0.58
01710,致豐工業電子,0.0
01711,歐化,0.0
01712,龍資源,0.0
01713,四川能投發展,1.87
01715,米技國際控股,0.295
01716,毛記葵涌,0.58
01717,澳優乳業s,12.84
01718,宏基集團控股,0.58
01719,中國通商集團,0.69
01720,普天通信集團,1.28
01721,FSM Holdings,0.0
01722,建鵬控股,0.10300000000000001
01723,港亞控股,3.55
01725,恒達科技控股,1.48
01726,HKE Holdings,0.0
01727,河北建設s,4.84
01728,正通汽車s,1.15
01729,匯聚科技,0.32
01730,LHN,0.0
01731,其利工業集團,0.265
01732,象興國際,0.0
01733,易大宗,0.207
01735,中環控股,14.66
01736,中國育兒網絡,0.18
01737,亞洲實業集團,0.1
01738,飛尚無煙煤,1.03
01739,齊屹科技s,0.0
01740,新石文化,0.265
01741,日贏控股,0.0
01742,HPC Holdings,0.078
01743,蒼南儀錶,48.75
01745,驢跡科技,0.85
01746,萬順集團控股,0.385
01747,Home Control,0.58
01748,信源企業集團,0.0
01749,杉杉品牌,0.0
01750,全達電器集團控股,0.095
01751,景聯集團,0.3
01752,澳洲成峰高教,0.255
01753,兌吧,2.15
01755,新城悅服務s,17.34
01756,華立大學集團,2.88
01757,俊裕地基集團,0.172
01758,博駿教育,0.41
01759,中油潔能控股,0.0
01760,英恒科技,0.0
01761,寶寶樹集團,0.97
01762,萬咖壹聯,0.65
01763,中國同輻,17.0
01765,希望教育集團s,1.88
01766,中國中車s,4.07
01767,TS Wonders,0.4
01769,思考樂教育,10.28
01771,新豐泰集團,0.0
01772,贛鋒鋰業s,25.55
01773,天立教育s,3.4
01775,精英匯集團,0.38
01776,廣發証券s,8.13
01777,花樣年控股s,1.4
01778,彩生活服務s,3.5
01780,B & D Strategic,0.5
01781,新昌創展控股,0.092
01782,飛思達科技,0.51
01783,金侖控股有限公司,0.0
01785,成都高速,0.0
01786,鐵建裝備,1.12
01787,山東黃金s,22.65
01788,國泰君安國際s,1.02
01789,愛康醫療s,23.85
01790,達力環保,0.0
01792,CMON Ltd,0.0
01793,偉工控股,0.145
01796,耀高控股,0.0
01797,新東方在線s,37.85
01798,大唐新能源s,0.6
01799,新特能源s,0.0
01800,中國交通建設s,5.08
01801,信達生物－Ｂs,35.25
01802,文業集團,0.85
01803,北京體育文化,0.223
01806,匯付天下s,2.05
01808,企展控股,0.204
01809,浦林成山s,7.12
01810,小米集團－Ｗs,10.28
01811,中廣核新能源s,1.6
01812,晨鳴紙業,3.04
01813,合景泰富集團s,11.28
01815,金貓銀貓,0.53
01816,中國廣核電力股份s,1.95
01817,慕尚集團控股s,6.27
01818,招金礦業s,9.01
01820,濟豐包裝,0.0
01821,ESR,16.84
01822,弘達金融控股,0.01
01823,華昱高速,0.0
01825,美臻集團,0.0
01826,達飛控股,0.25
01827,卓珈控股,0.61
01829,中國機械工程s,2.09
01830,必瘦站,2.14
01831,十方控股,0.0
01832,海天地悅旅,0.0
01833,平安好醫生s,114.7
01835,瑞威資管,0.0
01836,九興控股s,7.69
01837,五谷磨房s,0.73
01838,ChinaProperties,0.45
01839,中集車輛,6.0
01841,優越集團控股,0.0
01842,植華集團,0.51
01843,快餐帝國,0.22399999999999998
01845,維港環保科技,0.51
01846,德視佳,5.54
01847,雲南建投混凝土,1.94
01848,中國飛機租賃s,6.72
01849,創世紀集團控股,0.39
01850,海鑫集團,0.0
01851,銀杏教育,2.49
01853,吉林省春城熱力,1.95
01854,展程控股,0.1
01856,依波路控股,0.0
01857,中國光大水務s,1.29
01858,春立醫療器械s,49.8
01859,煜盛文化,2.09
01860,匯量科技s,4.23
01861,保寶龍科技,1.31
01862,景瑞控股s,2.42
01863,中國龍天集團,0.0
01865,管道工程,0.92
01866,中國心連心化肥,1.95
01867,樂嘉思控股,0.0
01868,同方友友,0.51
01869,利寶閣集團,0.25
01870,益美國際控股,0.38
01871,向中國際,0.27
01872,冠轈控股,0.14
01873,維亞生物s,4.73
01875,東曜藥業－Ｂ,4.84
01876,百威亞太s,21.4
01877,君實生物－Ｂs,34.6
01878,南戈壁－Ｓ,0.57
01881,富豪產業信託s,1.36
01882,海天國際s,14.56
01883,中信國際電訊s,2.84
01884,eprint集團,0.28
01885,中國優材,1.81
01886,匯源果汁,0.0
01888,建滔積層板s,7.17
01889,三愛健康集團,0.0
01890,中國科培s,4.48
01891,興合控股,0.102
01894,恒益控股,2.65
01895,鑫苑服務,2.58
01896,貓眼娛樂s,10.18
01897,美亨實業,0.62
01898,中煤能源s,2.09
01899,興達國際s,1.81
01900,中國智能交通,0.149
01901,飛揚集團,0.79
01902,銀城國際控股,2.48
01903,JBB Builders,0.0
01905,海通恆信,1.42
01906,博尼控股,0.54
01907,中國旭陽集團s,2.23
01908,建發國際集團s,11.06
01909,火岩控股,4.09
01910,新秀麗s,6.59
01911,華興資本控股s,12.66
01912,康特隆科技,3.05
01913,普拉達s,25.9
01915,泰和小貸,0.0
01916,江西銀行s,3.43
01917,豆盟科技,0.155
01918,融創中國s,33.0
01919,中遠海控s,2.08
01920,恆新豐控股,0.133
01921,達力普控股,1.11
01922,銀城生活服務,2.06
01925,曠世控股,0.94
01928,金沙中國有限公司s,31.8
01929,周大福s,6.27
01930,勛龍,0.68
01931,華檢醫療,3.06
01932,中漆集團,0.4
01933,元力控股,0.0
01935,嘉宏教育,1.64
01937,佳辰控股,0.11900000000000001
01938,珠江鋼管,0.141
01939,東京中央拍賣,0.6
01941,燁星集團,1.36
01942,MOG Holdings,0.43
01943,銀濤控股,0.0
01949,Platt Nera,0.3
01950,深藍科技控股,1.37
01951,錦欣生殖s,10.36
01955,莊臣控股,0.68
01958,北京汽車股份s,3.14
01959,世紀聯合控股,0.45
01960,TBK & Sons Hldgs,0.23600000000000002
01961,九尊數字互娛,0.94
01962,訓修實業集團,1.03
01963,重慶銀行股份s,3.82
01966,中駿集團控股s,3.33
01967,信懇智能,6.86
01968,興紡控股,0.0
01969,中國春來,0.0
01970,IMAX Chinas,11.66
01972,太古地產s,21.25
01975,新興印刷,0.43
01977,安樂工程,1.05
01978,敘福樓集團,0.365
01979,天寶集團,0.72
01980,天鴿互動,1.32
01982,南旋控股,0.405
01983,瀘州銀行,2.58
01985,美高域,0.76
01986,彩客化學,1.32
01987,Beng Soon Machinery,0.72
01988,民生銀行s,5.59
01989,松齡護老集團,0.0
01990,興華港口控股,0.81
01991,大洋集團,0.24
01992,復星旅遊文化s,6.84
01993,雅仕維傳媒,5.49
01995,永升生活服務s,10.44
01996,弘陽地產s,2.42
01997,九龍倉置業s,30.3
01998,飛克國際,0.0
01999,敏華控股s,4.38
02000,晨訊科技,0.226
02001,新高教集團s,3.55
02002,陽光紙業,0.99
02003,維信金科,5.91
02005,石四藥集團s,5.99
02006,錦江資本s,1.4
02007,碧桂園s,9.53
02008,鳳凰衛視投資,0.42
02009,金隅集團s,1.97
02010,瑞年國際,0.0
02011,中國恒泰集團,2.14
02012,陽光油砂,1.67
02013,微盟集團s,5.81
02014,浩澤淨水,0.305
02016,浙商銀行s,3.48
02017,滄海控股,0.0
02018,瑞聲科技s,37.0
02019,德信中國s,3.09
02020,安踏體育s,64.8
02022,遊萊互動,0.09300000000000001
02023,中國綠島科技,0.89
02025,瑞豐動力,0.0
02028,映美控股,0.23399999999999999
02030,卡賓服飾,1.13
02031,澳至尊,0.0
02033,時計寶,0.91
02038,富智康集團s,0.86
02039,中集集團s,6.9
02048,易居企業控股s,6.5
02051,51信用卡s,0.62
02060,浦江國際,3.18
02066,盛京銀行s,7.12
02068,中鋁國際工程,1.52
02078,榮陽實業,0.305
02080,奧克斯國際控股,0.405
02083,大自然家居,1.21
02086,海航科技投資,0.45
02088,西王置業,0.095
02098,卓爾智聯s,0.78
02099,中國黃金國際s,4.18
02100,百奧家庭互動,0.9
02103,新力控股集團,4.17
02108,K2 F&B,0.172
02111,超盈國際控股,0.0
02112,優庫資源,0.14800000000000002
02113,世紀集團國際,0.0
02116,江蘇創新,0.3
02118,天山發展控股,3.04
02119,捷榮國際控股,1.01
02120,康寧醫院,17.96
02122,凱知樂國際,0.0
02123,金盾控股,0.0
02128,中國聯塑集團s,10.3
02133,信盛礦業,0.021
02136,利福中國,1.7
02138,香港醫思醫療集團,4.15
02139,甘肅銀行s,0.84
02163,遠大住工,9.5
02166,芯智控股,0.0
02168,佳兆業美好,26.95
02178,百勤油服,0.0
02180,萬寶盛華,8.6
02181,邁博藥業－Ｂ,1.07
02182,天長集團,0.4
02183,三盛控股,7.4
02186,綠葉製藥集團s,4.02
02188,泰坦能源技術,0.395
02189,嘉濤（香港）控股,0.0
02193,萬景控股,0.0
02196,上海復星醫藥s,29.65
02198,中國三江化工,1.63
02199,維珍妮s,3.5
02202,萬科企業股份s,24.8
02203,腦洞科技,0.385
02208,金風科技s,7.32
02211,大健康國際,0.048
02212,高鵬礦業,0.021
02213,益華控股,0.0
02218,安德利果汁,4.95
02221,創業集團控股,0.22
02222,雷士國際,0.172
02223,卡撒天嬌,0.6
02225,今海國際,0.0
02226,老恒和釀造,2.35
02227,守益控股,0.395
02228,中國節能海東青,0.0
02230,羚邦集團,0.16399999999999998
02231,景業名邦集團,3.0
02232,晶苑國際集團s,2.03
02233,西部水泥s,1.37
02236,惠生工程技術服務,0.75
02238,廣汽集團s,6.45
02239,國微控股,0.0
02255,海昌海洋公園s,0.58
02258,華滋國際海洋,0.96
02262,梁志天設計集團,1.3
02263,富石金融控股,0.182
02266,黎氏企業,0.0
02268,優源控股,0.0
02269,藥明生物s,120.5
02277,華融投資股份,0.0
02278,海藍控股,3.07
02280,慧聰集團s,1.29
02281,興瀘水務,1.24
02282,美高梅中國s,9.28
02283,東江集團控股s,2.4
02286,辰興發展控股,2.16
02288,宏基資本,0.475
02289,創美藥業,0.0
02292,晉安實業,0.0
02293,百本醫護,0.0
02296,華記環球集團,0.249
02298,都市麗人,1.0
02299,百宏實業s,4.93
02300,澳科控股,1.41
02302,中核國際,2.28
02303,恒興黃金控股,2.26
02307,錦興國際控股,0.425
02308,研祥智能,0.71
02309,伯明翰體育,0.121
02310,申基國際,0.0
02312,中國金融租賃,0.128
02313,申洲國際s,91.35
02314,理文造紙s,4.84
02317,味丹國際,0.7
02318,中國平安s,78.55
02319,蒙牛乳業s,27.5
02320,合豐集團,0.275
02322,香港潮商集團s,0.91
02323,港橋金融控股,0.73
02324,首都創投,0.0
02326,新源萬恒控股,0.012
02327,美瑞健康國際,0.31
02328,中國財險s,7.27
02329,國瑞置業s,1.36
02330,中國上城,0.0
02331,李寧s,24.2
02333,長城汽車s,4.93
02336,海亮國際,0.0
02337,眾誠能源,5.26
02338,濰柴動力s,14.1
02339,京西國際,0.385
02340,昇捷控股,0.0
02341,中怡國際,1.22
02342,京信通信s,3.5
02343,太平洋航運s,0.99
02345,上海集優,0.58
02346,星宇控股,1.39
02348,東瑞製葯,1.16
02349,中國城市基礎設施,0.0
02355,寶業集團,4.58
02356,大新銀行集團s,7.13
02357,中國航空科技工業s,2.96
02358,久融控股,0.127
02359,藥明康德s,113.4
02360,優品３６０,1.87
02362,金川國際s,0.47
02363,通達宏泰,0.6
02366,星美文化旅遊,0.081
02368,鷹美,0.0
02369,酷派集團,0.17
02371,創聯教育金融,0.0
02377,博奇環保,1.3
02378,保誠s,99.0
02379,中天國際,0.32
02380,中國電力s,1.51
02382,舜宇光學科技s,108.1
02383,ＴＯＭ集團s,1.07
02386,中石化煉化工程s,3.46
02388,中銀香港s,23.5
02389,北控醫療健康,0.151
02393,巨星醫療控股,1.29
02398,友佳國際,0.61
02399,虎都,1.82
02400,心動公司,20.85
02448,恆宇集團,1.13
02488,元征科技,3.66
02500,啟明醫療－Ｂ,58.9
02528,尚晉國際控股,1.07
02552,華領醫藥－Ｂs,3.01
02558,晉商銀行s,1.45
02588,中銀航空租賃s,52.8
02600,中國鋁業s,1.5
02601,中國太保s,23.9
02606,藍光嘉寶服務,40.0
02607,上海醫藥s,14.18
02608,陽光１００中國s,1.36
02611,國泰君安s,10.96
02616,基石藥業－Ｂs,8.65
02623,愛德新能源,0.051
02628,中國人壽s,15.9
02633,雅各臣科研製藥,1.47
02638,港燈電力投資-SSs,7.89
02660,禪遊科技,0.8
02662,承興國際控股,0.0
02663,應力控股,0.23
02666,環球醫療s,4.68
02668,百德國際,0.37
02669,中海物業s,8.75
02678,天虹紡織s,5.55
02680,創陞控股,0.55
02682,潤利海事,0.0
02683,華新手袋國際控股,0.0
02686,亞美能源,1.19
02688,新奧能源s,81.0
02689,玖龍紙業s,7.56
02696,復宏漢霖－Ｂs,40.55
02698,魏橋紡織,1.51
02699,新明中國,1.06
02700,格林國際控股,0.0
02708,艾伯科技,2.07
02718,東正金融,0.59
02722,重慶機電,0.475
02727,上海電氣s,2.39
02728,金泰能源控股,0.147
02738,華津國際控股,1.97
02768,佳源國際控股s,3.1
02772,中梁控股s,5.7
02777,富力地產s,9.36
02778,冠君產業信託s,4.69
02779,中國新華教育,2.08
02788,精熙國際,0.59
02789,遠大中國,0.062
02798,久泰邦達能源,1.98
02799,中國華融s,0.86
02800,盈富基金s,24.2
02801,安碩中國ETFs,25.4
02802,安碩亞洲新興s,0.0
02803,ＰＰ中國基石s,6.56
02804,ＰＰ越南s,61.0
02805,領航亞洲s,20.7
02806,ＧＸ中國消費s,51.2
02809,ＧＸ中國潔能s,50.2
02810,ＰＰ新興東盟s,58.0
02811,海通滬深三百s,14.82
02812,三星中國龍網s,13.0
02813,華夏政銀國債s,117.5
02819,ABF港債指數s,101.0
02820,ＧＸ中國生科s,76.0
02821,沛富基金s,116.7
02822,南方A50s,13.56
02823,安碩Ａ５０s,13.72
02824,力寶專選中港地產s,73.2
02825,標智香港100s,0.0
02826,ＧＸ中國雲算s,84.25
02827,標智滬深３００s,34.15
02828,恒生中國企業s,97.85
02832,博時ＦＡ５０s,0.0
02833,恒指ＥＴＦs,24.5
02834,安碩納指一百s,161.3
02836,安碩印度s,18.82
02838,恒生富時中國５０s,0.0
02840,SPDR金ETFs,1245.0
02843,東匯Ａ５０s,14.44
02845,ＧＸ中國電車s,55.35
02846,安碩滬深三百s,27.3
02848,ＴＲ 韓國s,454.6
02858,易鑫集團s,1.32
02863,高豐集團控股,0.0
02866,中遠海發s,0.79
02868,首創置業s,1.67
02869,綠城服務s,9.67
02877,神威藥業s,5.74
02878,Solomon Systech,0.092
02880,大連港s,0.72
02882,香港資源控股,0.046
02883,中海油田服務s,5.95
02885,彼岸控股,0.32
02886,濱海投資,1.24
02888,渣打集團s,37.0
02892,萬城控股,0.0
02898,龍潤茶,0.0
02899,紫金礦業s,3.42
02906,中國華仁-新,0.0
02985,米蘭站（舊）,0.0
02986,協同通信（舊）,0.0
02987,恒嘉融資租賃－舊,0.0
02988,新確科技（舊）,0.0
02989,SHOUGANG I-OLDs,1.42
02991,勵時集團（舊）,0.0
02994,中國新經濟（舊）,0.158
02995,中國海外發展二千s,0.0
02997,中國新經濟股權,0.03
03005,南方中證五百s,16.14
03007,ＴＲ 富時５０s,0.0
03010,安碩亞洲除日s,46.1
03011,Ａ工銀中金美s,0.0
03012,東匯香港３５s,17.7
03015,ＸＴＲＮ５０ 印度s,907.5
03016,ＴＲ 菲律賓s,0.0
03019,ＸＴＲ 環球s,0.0
03020,ＸＴＲ 美國s,596.0
03023,平安智能及機械人s,0.0
03024,標智上證５０s,0.0
03027,ＸＴＲ 俄羅斯s,16.8
03036,ＴＲ 台灣s,0.0
03040,ＧＸＭＳＣＩ中國s,32.35
03043,ＴＲ 太平洋s,0.0
03046,價值中國ETFs,0.0
03047,Ｆ山證鐵礦石s,0.0
03048,ＴＲ 巴西s,23.65
03049,ＸＴＲ 滬深三百s,0.0
03053,南方港元貨幣s,1029.2
03055,ＴＲ 中國s,0.0
03065,ＴＲ 新加坡s,8.8
03070,平安香港高息股s,23.7
03072,日興環球聯網s,0.0
03073,ＳＰＤＲ大中華s,39.1
03074,安碩ＭＳ台灣s,107.2
03077,ＰＰ美國庫s,0.0
03079,中金中國國債s,0.0
03080,平安中國國債s,0.0
03081,價值黃金s,41.25
03082,ＴＲ 馬來西亞s,0.0
03085,領航亞洲高息s,18.22
03086,ＢＭＯ納指s,17.48
03087,ＸＴＲ 富時越南s,188.2
03092,ＴＲ 泰國s,155.3
03093,中金優選一百s,0.0
03095,價值中國Ａ股s,6.48
03096,南方美元貨幣s,0.0
03097,ＦＧＸ原油s,1.75
03099,ＸＴＲ 印尼s,77.5
03100,易方達中一百s,0.0
03101,領航發展歐洲s,15.08
03110,ＧＸ恒生高股息率s,23.55
03115,安碩恒生指數s,86.3
03118,嘉實明晟Ａ股s,0.0
03121,ＢＭＯ亞太房地產s,8.52
03122,南方人民幣s,0.0
03126,領航日本s,22.15
03127,GX滬深三百s,0.0
03128,恒生Ａ股龍頭s,51.65
03140,領航標普五百s,19.84
03141,ＢＭＯ亞投債s,15.84
03143,ＢＭＯ香港銀行股s,6.56
03145,ＢＭＯ亞洲高息股s,8.4
03147,南方中創業板s,7.87
03149,南方ＭＳＣＩs,11.98
03157,華夏港股通小型股s,0.0
03160,ＢＭＯ日股對沖s,9.69
03163,平安中國多因子s,0.0
03165,ＢＭＯ歐優股對沖s,0.0
03166,平安中國質量因子s,0.0
03167,工銀南方中國s,70.85
03169,領航中國s,8.87
03170,安碩韓國二百s,80.1
03173,ＰＰ中新經濟s,8.21
03175,Ｆ三星原油期s,1.86
03181,ＰＰ亞洲創科s,0.0
03182,標智新經濟５０s,11.02
03186,中金金瑞中網s,65.4
03188,華夏滬深三百s,42.7
03197,華夏Ａ國際通s,10.04
03198,平安５ＨＡＮＤＬs,82.95
03199,南方政銀國債s,0.0
03300,中國玻璃,0.345
03301,融信中國s,7.84
03302,光控精技,0.5
03303,巨濤海洋石油服務,0.465
03306,江南布衣s,6.74
03308,金鷹商貿集團s,7.45
03309,希瑪眼科s,3.98
03311,中國建築國際s,5.96
03313,雅高控股,0.096
03315,金邦達寶嘉,1.55
03316,濱江服務,11.18
03318,中國香精香料,0.0
03319,雅生活服務s,39.4
03320,華潤醫藥s,4.84
03321,偉鴻集團控股,1.3
03322,永嘉集團,0.32
03323,中國建材s,9.55
03326,保發集團,0.0
03328,交通銀行s,4.73
03329,交銀國際,1.01
03330,靈寶黃金,1.01
03331,維達國際s,23.15
03332,南京中生聯合,0.0
03333,中國恒大s,12.8
03335,DBA電訊,0.0
03336,巨騰國際s,1.88
03337,安東油田服務s,0.48
03339,中國龍工s,2.69
03344,共享集團,0.026000000000000002
03348,中國鵬飛集團,1.36
03358,榮威國際控股,1.89
03360,遠東宏信s,6.03
03363,正業國際,0.0
03366,華僑城（亞洲）,1.86
03368,百盛集團,0.38
03369,秦港股份,1.27
03377,遠洋集團s,1.94
03378,廈門港務,0.72
03380,龍光地產控股s,11.86
03382,天津港發展s,0.5
03383,雅居樂集團s,8.11
03389,亨得利,0.305
03390,滿貫集團,0.93
03393,威勝控股s,2.62
03395,Persta Resources,0.0
03396,聯想控股s,9.04
03398,華鼎控股,0.295
03399,粵運交通,2.22
03600,現代牙科,1.2
03601,魯大師,2.97
03603,信基沙溪,2.9
03606,福耀玻璃s,16.36
03608,永盛新材料,1.88
03613,同仁堂國藥s,10.76
03616,恒達集團控股,0.91
03618,重慶農村商業銀行s,3.12
03623,中國金融發展,0.75
03626,HSSP Int'l,0.0
03628,仁恒實業控股,0.0
03633,中裕燃氣s,6.14
03636,保利文化集團,3.86
03638,華邦金融控股,0.25
03639,億達中國控股,0.0
03662,奧園健康s,7.65
03663,協眾國際控股,0.0
03666,國際天食,0.095
03668,兗煤澳大利亞s,0.0
03669,中國永達汽車s,7.02
03678,弘業期貨,0.0
03680,索信達控股,1.77
03681,中國抗體－Ｂ,3.35
03683,榮豐聯合控股,1.05
03686,祈福生活服務,0.53
03688,萊蒙國際,1.07
03689,康華醫療,0.0
03690,美團點評－Ｗs,101.1
03692,翰森製藥s,28.7
03698,徽商銀行,2.76
03699,光大永年,0.0
03700,映客互娛,1.05
03708,日成控股,0.24
03709,贏家時尚s,8.22
03718,北控城市資源,0.73
03728,正利控股,0.19899999999999998
03737,中智藥業,1.25
03738,阜博集團,2.19
03759,康龍化成s,57.75
03768,滇池水務,1.84
03773,年年卡,0.32
03778,中國織材控股,0.0
03788,中國罕王控股,1.91
03789,御佳控股,0.102
03798,家鄉互動,2.99
03799,達利食品s,4.75
03800,保利協鑫能源s,0.225
03808,中國重汽s,15.9
03813,寶勝國際s,1.56
03816,ＫＦＭ金德,0.27
03818,中國動向s,0.65
03822,三和建築集團,0.107
03828,明輝國際,0.0
03830,童園國際,0.11699999999999999
03833,新疆新鑫礦業,0.31
03836,中國和諧汽車s,3.5
03838,中國澱粉,0.11900000000000001
03839,正大企業國際,1.29
03848,富道集團,6.57
03860,尚捷集團控股,0.0
03866,青島銀行s,0.0
03868,信義能源s,2.2
03869,弘和仁愛醫療,0.0
03877,中國船舶租賃s,1.03
03878,Vicon Holdings,0.53
03882,天彩控股,0.255
03883,中國奧園s,8.83
03886,康健國際醫療,0.0
03888,金山軟件s,27.8
03889,大成糖業,0.0
03893,易緯集團,0.057
03898,中車時代電氣s,24.0
03899,中集安瑞科s,3.51
03900,綠城中國s,7.36
03903,瀚華金控,0.335
03908,中金公司s,11.06
03918,金界控股s,9.25
03919,金力集團控股,0.335
03928,S&T Holdings,0.0
03933,聯邦制藥s,6.97
03938,ＬＦＧ投資控股,0.65
03939,萬國國際礦業,1.62
03948,伊泰煤炭,5.3
03958,東方證券s,3.96
03963,融眾金融,0.19399999999999998
03966,中國寶豐國際,1.64
03968,招商銀行s,35.3
03969,中國鐵路通信s,3.78
03978,卓越教育集團,3.32
03983,中海石油化學s,1.16
03988,中國銀行s,2.88
03989,首創環境,0.113
03990,美的置業s,19.06
03991,長虹佳華,0.7
03992,創毅控股,0.0
03993,洛陽鉬業s,2.23
03996,中國能源建設s,0.79
03997,電訊首科,0.0
03998,波司登s,1.98
03999,大成食品,0.61
04332,Amgens,0.0
04333,思科s,0.0
04335,英特爾s,0.0
04336,應用材料s,0.0
04337,星巴克－Ｔs,0.0
04338,微軟s,0.0
06030,中信証券s,14.48
06033,電訊數碼控股,2.17
06036,光麗科技,0.154
06038,信越控股,0.139
06049,保利物業s,80.5
06055,中煙香港s,15.2
06058,興證國際,0.26
06060,眾安在線s,25.75
06063,智中國際,0.45
06066,中信建投証券s,7.07
06068,睿見教育國際s,2.51
06069,盛業資本s,6.29
06080,榮智控股,0.305
06083,環宇物流（亞洲）,0.49
06088,鴻騰六零八八科技s,1.61
06090,勝捷企業,0.0
06093,和泓服務,1.36
06098,碧桂園服務s,35.35
06099,招商證券s,8.39
06100,有才天下獵聘s,16.28
06108,新銳醫藥,0.0
06110,滔搏,9.7
06111,大發地產,4.25
06113,UTS Marketing,0.9
06116,拉夏貝爾,0.78
06117,日照港裕廊,0.62
06118,奧星生命科技,4.53
06119,天源集團,0.43
06122,九台農商銀行s,2.71
06123,圓通速遞(國際),1.7
06128,泛亞國際,4.15
06133,維太創科,0.0
06136,康達國際環保,0.78
06138,哈爾濱銀行s,1.26
06139,金茂酒店－ＳＳs,0.0
06158,正榮地產s,4.83
06160,百濟神州s,97.15
06161,泰加保險,0.52
06162,天瑞汽車內飾,0.135
06163,彭順國際,0.0
06166,中國宏泰發展s,2.66
06168,中國優通,0.3
06169,宇華教育s,6.62
06178,光大證券s,4.93
06182,乙德投資控股,0.168
06183,中國綠寶,0.161
06185,康希諾生物－Ｂs,150.0
06186,中國飛鶴,14.82
06188,迪信通,0.0
06189,愛得威建設集團,1.32
06190,九江銀行,10.8
06193,泰林科建,1.25
06196,鄭州銀行s,2.17
06198,青島港國際s,4.22
06199,貴州銀行,2.39
06288,FAST RETAIL-DRS,35.15
06805,金茂源環保,0.55
06806,申萬宏源s,1.88
06808,高鑫零售s,12.52
06811,太興集團,1.37
06816,瑞港建設,0.0
06818,中國光大銀行s,3.01
06819,中智全球,5.24
06820,FriendTimes,2.51
06822,科勁國際,1.38
06823,香港電訊－ＳＳs,11.98
06826,昊海生物科技s,33.95
06828,北京燃氣藍天,0.149
06829,龍昇集團控股,0.16899999999999998
06830,華眾車載,0.7
06833,興科蓉醫藥,0.0
06836,天韻國際控股,0.81
06837,海通證券股份s,6.92
06838,盈利時,0.0
06839,雲南水務投資,1.48
06855,亞盛醫藥－B,28.0
06858,本間高爾夫,4.0
06860,指尖悅動,0.44
06862,海底撈國際s,32.95
06865,福萊特玻璃s,4.76
06866,佐力科創小額貸款,0.33
06868,天福(開曼)s,5.56
06869,長飛光纖光纜s,14.94
06877,CLSA Premium,0.0
06878,鼎豐集團控股,0.455
06880,騰邦控股,0.55
06881,中國銀河s,3.78
06882,東瀛遊,0.3
06885,河南金馬能源,2.95
06886,華泰證券s,12.82
06888,英達公路再生科技,0.158
06889,DYNAM JAPAN HLDGSs,7.51
06890,康利國際控股,0.88
06893,衍生集團,0.71
06896,金嗓子,1.49
06898,中國鋁罐,0.0
06899,聯眾國際控股,0.58
06908,宏光照明,0.0
06918,奇士達,0.9
06919,人瑞人才,38.0
06928,TOMO Holdings,0.7
06966,中國萬桐園,0.65
07200,ＦＬ二南方恒指s,7.09
07205,ＦＬ二　三星恒指s,5.94
07221,ＦＬ二華夏恒指s,7.64
07228,ＦＬ二　三星國指s,5.24
07230,ＦＬ二ＧＸ國指s,0.0
07231,ＦＬ二ＧＸ恒指s,7.5
07242,ＦＬ二易方達恒指s,0.0
07261,ＦＬ二華夏納一百s,35.65
07267,ＦＬ二華夏國指s,6.66
07288,ＦＬ二南方國指s,6.14
07300,ＦＩ南方恒指s,5.89
07302,ＦＩ易方達恒指s,0.0
07312,ＦＩ　三星恒指s,4.91
07321,ＦＩ華夏恒指s,6.4
07322,ＸＩＧＸ標普s,10.5
07328,ＦＩ　三星國指s,5.11
07331,ＦＩ華夏納一百s,7.15
07336,ＦＩＧＸ恒指s,0.0
07341,ＦＩ華夏國指s,6.57
07362,ＦＩＧＸ國指s,0.0
07500,ＦＩ二南方恒指s,7.77
07522,ＦＩ二華夏納一百s,7.36
07568,ＦＩ二南方納指s,5.0
07588,ＦＩ二南方國指s,6.2
08001,東方匯財證券,0.0
08003,世大控股,0.0
08005,裕興科技,0.265
08006,華泰瑞銀,0.07
08007,環球戰略集團,0.031
08009,華夏能源控股,0.28
08011,百田石油,0.057
08013,ECI Technology,0.05
08017,捷利交易寶,0.0
08018,匯財金融投資,0.0
08019,皓文控股,0.0
08020,宏海控股集團,0.0
08021,匯隆控股,0.038
08022,永耀集團控股,0.02
08023,鄺文記,0.0
08025,亞洲資產（新）,0.95
08026,朗華國際集團,0.63
08027,吉輝控股,0.018000000000000002
08028,天時軟件,0.0
08029,太陽國際,0.19
08030,匯聯金融服務,0.0
08031,易通訊集團,0.0
08032,非凡中國s,0.44
08033,愛達利網絡,0.0
08035,駿高控股,0.239
08036,電子交易集團,0.0
08037,中國生物科技服務,1.19
08039,中國卓銀,0.0
08040,ＤＣＢ控股,0.0
08041,薈萃國際（控股）,0.0
08042,高奧士國際,0.0
08043,Atlinks Group,0.13
08045,南大蘇富特,0.0
08047,中國海洋捕撈,0.159
08048,御德國際控股,0.063
08049,吉林長龍藥業,1.24
08050,量子思維,0.0
08051,訊智海,7.2
08052,陸慶娛樂,0.034
08053,比優集團,0.37
08055,中國網絡信息科技,0.0
08056,生活概念,0.0
08057,麥迪森控股,0.16699999999999998
08059,朝威控股,0.0
08060,國聯通信,0.0
08062,俊盟國際,0.0
08063,環球大通集團,0.0
08065,高萌科技集團,0.231
08066,品創控股,0.0
08067,東方大學城控股,0.0
08069,縱橫遊控股,1.24
08070,僑洋國際控股,0.0
08071,中彩網通控股,0.025
08072,羅馬集團,0.28
08073,興業新材料,0.0
08075,寰亞傳媒集團,0.0
08076,新利軟件,0.142
08078,中國創意數碼,0.0
08079,易還財務投資,0.285
08080,北亞策略,0.475
08081,恆泰裕集團,0.023
08082,太陽娛樂集團,0.495
08083,中國有贊s,0.66
08085,香港生命科學,0.0
08086,新維國際控股,0.045
08087,中國三三傳媒,0.017
08088,匯友生命科學,0.0
08089,華人策略控股,0.095
08090,中國融保金融集團,0.0
08091,奧傳思維控股,0.0
08092,ITE HOLDINGS,0.0
08093,萬星控股,0.39
08095,北大青鳥環宇,0.51
08096,賞之味,0.08900000000000001
08098,昌利控股,0.051
08100,智易控股,0.0
08101,壹家壹品,0.09300000000000001
08103,HMVOD視頻,0.21
08105,皇岦國際教育,0.0
08106,浙江升華蘭德,0.0
08107,威誠國際控股,0.068
08108,福澤集團,0.0
08109,麒麟集團控股,0.0
08111,中國科技產業集團,0.0
08112,基石金融控股,0.01
08113,揚宇科技,0.25
08115,上海青浦消防,0.0
08116,中國幸福投資,0.0
08117,中國基礎能源,0.0
08118,濠亮環球,0.405
08119,即時科研,0.0
08120,國農金融投資,0.0
08121,超凡網絡,0.024
08123,華億金控,0.0
08125,仁德資源,0.059000000000000004
08126,Ｇ﹒Ａ﹒控股,0.0
08128,中國地熱能,0.053
08130,大地國際集團,0.11900000000000001
08131,辰罡科技,0.0
08132,中油港燃,0.0
08133,鑄能控股,0.016
08135,正美豐業汽車玻璃,0.0
08136,英馬斯集團,0.0
08137,洪橋集團s,0.33
08139,長安仁恒,0.0
08140,人和科技,0.0
08142,德利機械,0.235
08143,金威醫療,0.055
08146,怡園酒業,0.0
08147,匯思太平洋,0.10400000000000001
08148,奧柏中國,0.06
08149,浩德控股,0.0
08150,無縫綠色,0.03
08151,寶申控股,0.0
08152,明樑控股,0.0
08153,科地農業,0.049
08155,南華資產控股,0.0
08156,國藥科技股份,0.239
08158,中國再生醫學,0.255
08159,輝煌科技,0.0
08160,金匯教育,0.162
08161,醫匯集團,0.049
08162,港銀控股,0.0
08163,領智金融,0.0
08165,華普智通,0.0
08166,中國農業生態,0.04
08167,中國新電信,0.135
08168,寶積資本,0.0
08169,環康集團,0.0
08170,全民國際,0.0
08171,中國趨勢,0.0
08172,拉近網娛,0.098
08173,萬亞企業控股,0.024
08175,中國數碼文化,0.052000000000000005
08176,超人智能,0.0
08178,中國信息科技,0.07200000000000001
08179,新煮意控股,0.0
08181,時時服務,0.315
08186,同仁資源,0.12
08187,積木集團,0.43
08188,駿傑集團控股,0.17
08189,泰達生物,0.0
08190,康佰控股,0.0
08191,鴻偉亞洲,0.0
08192,環球通証,0.0
08193,亞太金融投資,0.17
08195,樂亞國際控股,0.138
08196,建禹集團,0.0
08198,樂透互娛,0.087
08200,修身堂,0.0
08201,寶聯控股,0.0
08202,匯創控股,0.023
08203,凱順控股,0.142
08205,交大慧谷,0.0
08206,神通機器人教育,0.215
08207,中新控股,0.0
08208,WMCH Global,0.29
08210,衍匯亞洲,0.05
08211,浙江永安,0.0
08212,譽滿國際控股,0.0
08213,榮暉控股,0.098
08215,第一信用金融,0.0
08216,豐城控股,0.26
08217,聯旺集團,0.08800000000000001
08218,毅高國際控股,0.0
08219,恆偉集團控股,0.0
08220,比高集團控股,0.0
08221,PF Group Hold,0.0
08222,壹照明集團,0.0
08223,紫元元控股,1.01
08225,中國醫療集團,0.82
08226,樹熊金融集團,0.017
08227,海天天線,1.86
08228,國藝娛樂,0.18
08229,Future Data Group,0.0
08230,中國宇天,0.0
08231,節能元件,0.0
08232,Classified Group,0.079
08235,賽迪顧問,0.0
08236,寶德科技集團,2.62
08237,華星控股,0.024
08238,惠陶集團,0.0
08241,英記茶莊集團,0.122
08242,新威斯頓,0.063
08243,大賀傳媒,0.0
08245,安悅國際控股,0.075
08246,中華燃氣,0.0
08247,中生北控生物科技,0.0
08249,瑞遠智控,0.0
08250,絲路能源,0.013999999999999999
08255,神州數字新金融,0.25
08256,金利通,0.0
08257,靖洋集團控股,0.213
08258,西北實業,0.0
08259,Hon Corp,0.069
08260,銀合控股,0.18
08262,宏強控股,0.0
08265,中國之信集團,0.013999999999999999
08266,卓信國際控股,0.138
08267,藍港互動,0.0
08268,迪臣建設,0.081
08269,富譽控股,0.0
08270,中國煤層氣,0.0
08271,環球數碼創意,0.106
08272,華人飲食集團,0.092
08275,永勤集團控股,0.0
08277,駿東控股,0.0
08279,亞博科技控股,0.3
08280,中國數字視頻,0.0
08281,中國金典集團,0.165
08282,智傲控股,0.0
08283,正力控股,0.245
08285,森浩集團,0.0
08286,長城微光,0.0
08287,百家淘客,0.247
08290,亞勢備份軟件開發,0.0
08292,盛良物流,0.036000000000000004
08293,星亞控股,0.033
08295,中植資本國際,0.7
08296,中國生命集團,0.132
08297,芭迪貝伊,0.162
08299,大唐潼金,0.0
08300,皇璽餐飲集團,0.0
08301,明華科技,0.0
08305,棠記控股,0.0
08307,密迪斯肌,0.114
08308,古兜控股,0.7
08309,萬成環球控股,0.0
08310,大豐港,0.26
08311,圓美光電,0.0
08313,杰地集團,0.275
08315,長城匯理,0.0
08316,柏榮集團控股,0.033
08317,財華社集團,0.0
08319,思博系統,0.061
08320,沛然環保,0.0
08321,泰錦控股,0.0
08325,中國支付通,0.0
08326,同景新能源,0.2
08328,信義香港,1.2
08329,海王英特龍,0.23
08331,恆勤集團,0.0
08333,阿仕特朗金融,0.142
08337,直通電訊,0.0
08340,域高金融,0.03
08341,艾碩控股,0.24
08346,創新電子控股,0.0
08347,F8企業控股,0.217
08348,濱海泰達物流,0.37
08349,美固科技控股,0.68
08350,駿溢環球金融,0.0
08351,俊文寶石,0.0
08353,安科系統,0.0
08356,中國新華電視,0.017
08357,Republic Healthcare,0.33
08360,利駿集團香港,0.035
08362,運興泰集團,0.0
08363,SDM Group Hold,1.35
08365,建泉國際控股,0.0
08366,浙江聯合投資,0.35
08367,倩碧控股,0.03
08368,中國創意控股,0.075
08370,智昇集團控股,0.0
08371,嚐高美集團,0.0
08372,君百延集團,0.071
08373,靛藍星,0.35
08375,弘浩國際控股,0.0
08376,方圓房服集團,0.0
08377,申酉控股,0.049
08379,匯安智能,0.040999999999999995
08383,東駿控股,0.07
08385,萬里印刷,0.249
08391,精雅印刷集團,0.43
08392,舍圖控股,0.06
08395,齊家控股,0.0
08400,亞洲先鋒娛樂,0.057
08401,源想集團,0.0
08402,GT Steel Construct,0.455
08403,天平道合,0.03
08405,恒智控股,0.0
08406,合寶豐年,0.122
08411,K W Nelson Group,0.17
08412,高門集團,0.115
08413,亞洲雜貨,0.51
08416,HM International,0.083
08417,大地教育控股,0.034
08418,傲迪瑪汽車,0.79
08419,ＡＶ策劃推廣,0.45
08420,Nexion Technologies,0.0
08421,永順控股香港,0.445
08422,ＷＴ集團,0.0
08423,CHI HO DEV,0.285
08425,興銘控股,2.29
08426,雅居投資控股,0.0
08427,瑞強集團,0.18100000000000002
08428,國茂控股,0.21
08429,冰雪集團,0.54
08430,春能控股,0.048
08431,浩柏國際,0.063
08432,太平洋酒吧,0.078
08436,德寶集團控股,0.245
08437,德斯控股,0.55
08439,新百利融資,0.0
08441,國際永勝集團,0.58
08445,怡康泰工程集團,0.0
08446,ITP Holdings,0.09
08447,MS Concept,0.033
08448,環球印館,0.099
08450,鉅京控股,0.035
08451,日光控股,0.052000000000000005
08452,富銀融資股份,0.58
08455,禮建德集團,0.05
08456,民信國際控股,0.10800000000000001
08460,基地錦標集團,0.08900000000000001
08462,橋英控股,0.21600000000000003
08465,高科橋光導,0.0
08471,新達控股,0.132
08472,立高控股,0.0
08473,彌明生活百貨,0.17600000000000002
08475,千盛集團控股,0.66
08476,大洋環球控股,0.0
08479,金泰豐國際控股,0.42
08480,飛霓控股,1.05
08481,盛龍錦秀國際,0.325
08482,萬勵達,0.14
08483,名仕快相,0.061
08485,竣球控股,0.21899999999999997
08487,ISP Global,0.72
08490,駿碼科技,0.34
08491,Cool Link,1.76
08493,龍皇集團,0.0
08495,1957 & CO.,0.0
08500,天泓文創,0.65
08501,莊皇集團公司,0.53
08502,遠航港口,0.244
08506,福紡控股,0.14
08507,愛世紀集團,0.172
08509,威揚酒業控股,0.0
08510,Top Standard Corp,0.192
08511,Zhicheng Technology,0.107
08512,凱富善集團控股,0.044000000000000004
08513,官醞控股,0.77
08516,廣駿集團控股,4.7
08519,佳民集團,0.0
08521,智紡國際控股,0.0
08523,常滿控股,0.57
08525,百應租賃控股,0.43
08526,榮豐集團亞洲,0.41
08527,聚利寶控股,0.0
08532,寶發控股,0.0
08535,熒德控股,0.0
08536,TL Natural Gas,0.14
08537,創輝珠寶集團,0.12
08540,勝利證券,0.0
08545,佰悅集團,0.124
08547,Pacific Legend,0.0
08593,聯旺集團（舊）,0.0
08596,亞洲資產（舊）,0.0
08597,首都金融控股－舊,0.31
08598,萬成金屬包裝,0.3
08601,Boltek,0.228
08603,亮晴控股,0.0
08606,倢冠控股,0.062
08607,納尼亞集團,0.217
08609,永續農業,0.11900000000000001
08611,Mindtell Tech,0.0
08612,維亮控股,1.01
08613,東方支付集團控股,0.075
08616,新威工程集團,0.375
08617,永聯豐控股,0.465
08619,WAC Holdings,0.0
08620,亞洲速運,0.315
08621,Metropolis Capital,0.12
08622,華康生物醫學,0.129
08627,旅橙文化,0.142
08631,申港控股,0.45
08635,連成科技集團,0.092
08645,Nomad Tech,0.076
08646,中國宏光,0.85
08668,瀛海集團,0.095
09010,安碩亞洲除日-Us,5.94
09011,Ａ工銀中金美－Ｕs,0.0
09047,Ｆ山證鐵礦石－Ｕs,0.0
09072,日興環球聯網－Ｕs,0.0
09074,安碩ＭＳ台灣－Ｕs,13.92
09077,ＰＰ美國庫－Ｕs,0.0
09078,ＰＰ美國庫Ａ－Ｕs,0.0
09081,價值黃金－Ｕs,0.0
09085,領航亞洲高息－Ｕs,0.0
09086,ＢＭＯ納指－Ｕs,0.0
09096,南方美元貨幣－Ｕs,0.0
09101,領航發展歐洲－Ｕs,0.0
09115,安碩恒生指數－Ｕs,11.12
09126,領航日本－Ｕs,0.0
09140,領航標普五百－Ｕs,2.57
09141,ＢＭＯ亞投債－Ｕs,0.0
09167,工銀南方中國－Ｕs,9.27
09169,領航中國－Ｕs,0.0
09170,安碩韓國二百－Ｕs,0.0
09173,ＰＰ中新經濟－Ｕs,0.0
09181,ＰＰ亞洲創科－Ｕs,0.0
09186,中金金瑞中網－Ｕs,0.0
09803,ＰＰ中國基石－Ｕs,0.0
09804,ＰＰ越南－Ｕs,7.73
09805,領航亞洲－Ｕs,0.0
09806,ＧＸ中國消費－Ｕs,6.69
09809,ＧＸ中國潔能－Ｕs,6.52
09810,ＰＰ新興東盟－Ｕs,0.0
09820,ＧＸ中國生科－Ｕs,9.93
09826,ＧＸ中國雲算－Ｕs,11.0
09834,安碩納指一百－Ｕs,0.0
09836,安碩印度-Us,2.45
09845,ＧＸ中國電車－Ｕs,7.22
09846,安碩滬深三百－Ｕs,3.54
09900,德益控股,0.0
09909,寶龍商業管理,12.68
09911,赤子城科技,1.8
09916,興業物聯,1.42
09918,麗年國際,0.114
09919,艾德韋宣集團,0.9
09922,九毛九,9.41
09928,時代鄰里,5.92
09929,澳達控股,0.102
09933,GHW Intl,0.24
09936,稀美資源,2.08
09938,華和控股,0.315
09966,康寧傑瑞製藥－Ｂ,18.0
09968,匯景控股,2.01
09969,諾誠健華－Ｂ,14.52
09988,阿里巴巴－ＳＷs,204.4
09998,光榮控股,0.65
80737,灣區發展－Ｒs,0.0
82805,領航亞洲－Ｒs,0.0
82811,海通滬深三百－Ｒs,0.0
82813,華夏政銀國債－Ｒs,0.0
82822,南方A50－Ｒs,12.46
82823,安碩Ａ５０－Ｒs,12.48
82828,恒生中國企業－Ｒs,89.35
82832,博時ＦＡ５０－Ｒs,0.0
82833,恒指ＥＴＦ－Ｒs,22.45
82834,安碩納指一百－Ｒs,0.0
82836,安碩印度-Rs,17.34
82843,東匯Ａ５０－Ｒs,0.0
82846,安碩滬深三百－Ｒs,0.0
83005,南方中證五百－Ｒs,0.0
83010,安碩亞洲除日-Rs,0.0
83012,東匯香港３５－Ｒs,16.18
83053,南方港元貨幣－Ｒs,0.0
83074,安碩ＭＳ台灣－Ｒs,0.0
83079,中金中國國債－Ｒs,0.0
83081,價值黃金－Ｒs,0.0
83085,領航亞洲高息－Ｒs,0.0
83093,中金優選一百－Ｒs,0.0
83095,價值中國Ａ股－Ｒs,0.0
83100,易方達中一百－Ｒs,38.45
83101,領航發展歐洲－Ｒs,0.0
83115,安碩恒生指數－Ｒs,0.0
83118,嘉實明晟Ａ股－Ｒs,0.0
83122,南方人民幣－Ｒs,0.0
83126,領航日本－Ｒs,0.0
83127,ＧＸ滬深三百－Ｒs,13.08
83128,恒生Ａ股龍頭－Ｒs,47.15
83140,領航標普五百－Ｒs,0.0
83147,南方中創業板－Ｒs,0.0
83149,南方ＭＳＣＩ－Ｒs,11.0
83167,工銀南方中國－Ｒs,65.95
83168,恒生人幣金ＥＴＦs,0.0
83169,領航中國－Ｒs,8.11
83170,安碩韓國二百－Ｒs,0.0
83186,中金金瑞中網－Ｒs,59.75
83188,華夏滬深三百－Ｒs,39.2
83197,華夏Ａ國際通－Ｒs,0.0
83199,南方政銀國債－Ｒs,106.6
87001,匯賢產業信託s,2.26
